<?xml version="1.0"?>

<!DOCTYPE hibernate-mapping PUBLIC  
          "-//Hibernate/Hibernate Mapping DTD 3.0//EN"  
          "http://hibernate.sourceforge.net/hibernate-mapping-3.0.dtd">  
          
<hibernate-mapping package="com.LTI.StudEx.StudCU">
  <class name="Students" table="Students">
    	<id name="id">
            <column name="id"/>
        </id>
    	
 
   <property name="studName" column="studName"/>
   <property name="rollNo" column="rollno"/>
   <property name="branch" column="branch"/>
  </class>
     </hibernate-mapping>